{
  "model_name": "hybrid_ensemble_dynamic",
  "include_dynamic": true,
  "use_lstm": false,
  "n_features": 27,
  "train_samples": 639,
  "test_samples": 424,
  "metrics": {
    "accuracy": 0.7924528301886793,
    "precision": 0.35294117647058826,
    "recall": 0.15384615384615385,
    "f1": 0.21428571428571427,
    "auc_roc": 0.6513635689936269
  },
  "trained_at": "2025-11-30T07:22:28.670834"
}